{
  "enabled": {
    "b1": true,
    "b2": true,
    "lgb": true,
    "lstm": false
  },
  "weights": {
    "b1": 0.25,
    "b2": 0.4,
    "lgb": 0.25,
    "lstm": 0.3
  },
  "normalized": {
    "b1": 0.2777777777777778,
    "b2": 0.4444444444444445,
    "lgb": 0.2777777777777778,
    "lstm": 0.0
  },
  "summary": "B1 缩量战法 28% + B2 放量启动 44% + LightGBM 表格模型 28%"
}